packet,start,end
0,701380833542,701380834056
1,701380834078,701380834591
2,701380834613,701380835126
3,701380835148,701380835661
4,701380835683,701380836196
5,701380836218,701380836731
6,701380836753,701380837266
7,701380837288,701380837801
8,701380837823,701380838336
9,701380838358,701380838871
10,701380838893,701380839406
11,701380839428,701380839941
12,701380839963,701380840476
13,701380840498,701380841011
14,701380841033,701380841546
15,701380841568,701380842081
16,701380842103,701380842616
17,701380842638,701380843151
18,701380843173,701380843686
19,701380843708,701380844221
20,701380844243,701380844756
21,701380844778,701380845291
22,701380845313,701380845826
23,701380845848,701380846361
24,701380846383,701380846896
25,701380846918,701380847431
26,701380847453,701380847966
27,701380847988,701380848501
28,701380848523,701380849036
29,701380849058,701380849571
30,701380849593,701380850106
31,701380850128,701380850641
32,701380850663,701380851176
33,701380851198,701380851711
34,701380851733,701380852246
35,701380852268,701380852781
36,701380852803,701380853316
37,701380853338,701380853851
38,701380853873,701380854386
39,701380854408,701380854921
40,701380854943,701380855456
41,701380855478,701380855991
42,701380856013,701380856526
43,701380856548,701380857061
44,701380857083,701380857596
45,701380857618,701380858131
46,701380858153,701380858666
47,701380858688,701380859201
48,701380859223,701380859736
49,701380859758,701380860271
50,701380860293,701380860806
51,701380860828,701380861341
52,701380861363,701380861876
53,701380861898,701380862411
54,701380862433,701380862946
55,701380862968,701380863481
56,701380863503,701380864016
57,701380864038,701380864551
58,701380864573,701380865086
59,701380865108,701380865621
60,701380865643,701380866156
61,701380866178,701380866691
62,701380866713,701380867226
63,701380867248,701380867761
64,701380867783,701380868296
65,701380868318,701380868831
66,701380868853,701380869366
67,701380869388,701380869901
68,701380869923,701380870436
69,701380870458,701380870971
70,701380870993,701380871506
71,701380871528,701380872041
72,701380872063,701380872576
73,701380872598,701380873111
74,701380873133,701380873646
75,701380873668,701380874181
76,701380874203,701380874716
77,701380874738,701380875251
78,701380875273,701380875786
79,701380875808,701380876321
80,701380876343,701380876856
81,701380876878,701380877391
82,701380877413,701380877926
83,701380877948,701380878461
84,701380878483,701380878996
85,701380879018,701380879531
86,701380879553,701380880066
87,701380880088,701380880601
88,701380880623,701380881136
89,701380881158,701380881671
90,701380881693,701380882206
91,701380882228,701380882741
92,701380882763,701380883276
93,701380883298,701380883811
94,701380883833,701380884346
95,701380884368,701380884881
96,701380884903,701380885416
97,701380885438,701380885951
98,701380885973,701380886486
99,701380886508,701380887021
100,701380887043,701380887556
101,701380887578,701380888091
102,701380888113,701380888626
103,701380888648,701380889161
104,701380889183,701380889696
105,701380889718,701380890231
106,701380890253,701380890766
107,701380890788,701380891301
108,701380891323,701380891836
109,701380891858,701380892371
110,701380892393,701380892906
111,701380892928,701380893441
112,701380893463,701380893976
113,701380893998,701380894511
114,701380894533,701380895046
115,701380895068,701380895581
116,701380895603,701380896116
117,701380896138,701380896651
118,701380896673,701380897186
119,701380897208,701380897721
120,701380897743,701380898256
121,701380898278,701380898791
122,701380898813,701380899326
123,701380899348,701380899861
124,701380899883,701380900396
125,701380900418,701380900931
126,701380900953,701380901466
127,701380901488,701380902001
128,701380902023,701380902536
129,701380902558,701380903071
130,701380903093,701380903606
131,701380903628,701380904141
132,701380904163,701380904676
133,701380904698,701380905211
134,701380905233,701380905746
135,701380905768,701380906281
136,701380906303,701380906816
137,701380906838,701380907351
138,701380907373,701380907886
139,701380907908,701380908421
140,701380908443,701380908956
141,701380908978,701380909491
142,701380909513,701380910026
143,701380910048,701380910561
144,701380910583,701380911096
145,701380911118,701380911631
146,701380911653,701380912166
147,701380912188,701380912701
148,701380912723,701380913236
149,701380913258,701380913771
150,701380913793,701380914306
151,701380914328,701380914841
152,701380914863,701380915376
153,701380915398,701380915911
154,701380915933,701380916446
155,701380916468,701380916981
156,701380917003,701380917516
157,701380917538,701380918051
158,701380918073,701380918586
159,701380918608,701380919121
160,701380919143,701380919656
161,701380919678,701380920191
162,701380920213,701380920726
163,701380920748,701380921261
164,701380921283,701380921796
165,701380921818,701380922331
166,701380922353,701380922866
167,701380922888,701380923401
168,701380923423,701380923936
169,701380923958,701380924471
170,701380924493,701380925006
171,701380925028,701380925541
172,701380925563,701380926076
173,701380926098,701380926611
174,701380926633,701380927146
175,701380927168,701380927681
176,701380927703,701380928216
177,701380928238,701380928751
178,701380928773,701380929286
179,701380929308,701380929821
180,701380929843,701380930356
181,701380930378,701380930891
182,701380930913,701380931426
183,701380931448,701380931961
184,701380931983,701380932496
185,701380932518,701380933031
186,701380933053,701380933566
187,701380933588,701380934101
188,701380934123,701380934636
189,701380934658,701380935171
190,701380935193,701380935706
191,701380935728,701380936241
192,701380936263,701380936776
193,701380936798,701380937311
194,701380937333,701380937846
195,701380937868,701380938381
196,701380938403,701380938916
197,701380938938,701380939451
198,701380939473,701380939986
199,701380940008,701380940521
200,701380940543,701380941056
201,701380941078,701380941591
202,701380941613,701380942126
203,701380942148,701380942661
204,701380942683,701380943196
205,701380943218,701380943731
206,701380943753,701380944266
207,701380944288,701380944801
208,701380944823,701380945336
209,701380945358,701380945871
210,701380945893,701380946406
211,701380946428,701380946941
212,701380946963,701380947476
213,701380947498,701380948011
214,701380948033,701380948546
215,701380948568,701380949081
216,701380949103,701380949616
217,701380949638,701380950151
218,701380950173,701380950686
219,701380950708,701380951221
220,701380951243,701380951756
221,701380951778,701380952291
222,701380952313,701380952826
223,701380952848,701380953361
224,701380953383,701380953896
225,701380953918,701380954431
226,701380954453,701380954966
227,701380954988,701380955501
228,701380955523,701380956036
229,701380956058,701380956571
230,701380956593,701380957106
231,701380957128,701380957641
232,701380957663,701380958176
233,701380958198,701380958711
234,701380958733,701380959246
235,701380959268,701380959781
236,701380959803,701380960316
237,701380960338,701380960851
238,701380960873,701380961386
239,701380961408,701380961921
240,701380961943,701380962456
241,701380962478,701380962991
242,701380963013,701380963526
243,701380963548,701380964061
244,701380964083,701380964596
245,701380964618,701380965131
246,701380965153,701380965666
247,701380965688,701380966201
248,701380966223,701380966736
249,701380966758,701380967271
250,701380967293,701380967806
251,701380967828,701380968341
252,701380968363,701380968876
253,701380968898,701380969411
254,701380969433,701380969946
255,701380969968,701380970481
256,701380970503,701380971016
257,701380971038,701380971551
258,701380971573,701380972086
259,701380972108,701380972621
260,701380972643,701380973156
261,701380973178,701380973691
262,701380973713,701380974226
263,701380974248,701380974761
264,701380974783,701380975296
265,701380975318,701380975831
266,701380975853,701380976366
267,701380976388,701380976901
268,701380976923,701380977436
269,701380977458,701380977971
270,701380977993,701380978506
271,701380978528,701380979041
272,701380979063,701380979576
273,701380979598,701380980111
274,701380980133,701380980646
275,701380980668,701380981181
276,701380981203,701380981716
277,701380981738,701380982251
278,701380982273,701380982786
279,701380982808,701380983321
280,701380983343,701380983856
281,701380983878,701380984391
282,701380984413,701380984926
283,701380984948,701380985461
284,701380985483,701380985996
285,701380986018,701380986531
286,701380986553,701380987066
287,701380987088,701380987601
288,701380987623,701380988136
289,701380988158,701380988671
290,701380988693,701380989206
291,701380989228,701380989741
292,701380989763,701380990276
293,701380990298,701380990811
294,701380990833,701380991346
295,701380991368,701380991881
296,701380991903,701380992416
297,701380992438,701380992951
298,701380992973,701380993486
299,701380993508,701380994021
300,701380994043,701380994556
301,701380994578,701380995091
302,701380995113,701380995626
303,701380995648,701380996161
304,701380996183,701380996696
305,701380996718,701380997231
306,701380997253,701380997766
307,701380997788,701380998301
308,701380998323,701380998836
309,701380998858,701380999371
310,701380999393,701380999906
311,701380999928,701381000441
312,701381000463,701381000976
313,701381000998,701381001511
314,701381001533,701381002046
315,701381002068,701381002581
316,701381002603,701381003116
317,701381003138,701381003651
318,701381003673,701381004186
319,701381004208,701381004721
320,701381004743,701381005256
321,701381005278,701381005791
322,701381005813,701381006326
323,701381006348,701381006861
324,701381006883,701381007396
325,701381007418,701381007931
326,701381007953,701381008466
327,701381008488,701381009001
328,701381009023,701381009536
329,701381009558,701381010071
330,701381010093,701381010606
331,701381010628,701381011141
332,701381011163,701381011676
333,701381011698,701381012211
334,701381012233,701381012746
335,701381012768,701381013281
336,701381013303,701381013816
337,701381013838,701381014351
338,701381014373,701381014886
339,701381014908,701381015421
340,701381015443,701381015956
341,701381015978,701381016491
342,701381016513,701381017026
343,701381017048,701381017561
344,701381017583,701381018096
345,701381018118,701381018631
346,701381018653,701381019166
347,701381019188,701381019701
348,701381019723,701381020236
349,701381020258,701381020771
350,701381020793,701381021306
351,701381021328,701381021841
352,701381021863,701381022376
353,701381022398,701381022911
354,701381022933,701381023446
355,701381023468,701381023981
356,701381024003,701381024516
357,701381024538,701381025051
358,701381025073,701381025586
359,701381025608,701381026121
360,701381026143,701381026656
361,701381026678,701381027191
362,701381027213,701381027726
363,701381027748,701381028261
364,701381028283,701381028796
365,701381028818,701381029331
366,701381029353,701381029866
367,701381029888,701381030401
368,701381030423,701381030936
369,701381030958,701381031471
370,701381031493,701381032006
371,701381032028,701381032541
372,701381032563,701381033076
373,701381033098,701381033611
374,701381033633,701381034146
375,701381034168,701381034681
376,701381034703,701381035216
377,701381035238,701381035751
378,701381035773,701381036286
379,701381036308,701381036821
380,701381036843,701381037356
381,701381037378,701381037891
382,701381037913,701381038426
383,701381038448,701381038961
384,701381038983,701381039496
385,701381039518,701381040031
386,701381040053,701381040566
387,701381040588,701381041101
388,701381041123,701381041636
389,701381041658,701381042171
390,701381042193,701381042706
391,701381042728,701381043241
392,701381043263,701381043776
393,701381043798,701381044311
394,701381044333,701381044846
395,701381044868,701381045381
396,701381045403,701381045916
397,701381045938,701381046451
398,701381046473,701381046986
399,701381047008,701381047521
400,701381047543,701381048056
401,701381048078,701381048591
402,701381048613,701381049126
403,701381049148,701381049661
404,701381049683,701381050196
405,701381050218,701381050731
406,701381050753,701381051266
407,701381051288,701381051801
408,701381051823,701381052336
409,701381052358,701381052871
410,701381052893,701381053406
411,701381053428,701381053941
412,701381053963,701381054476
413,701381054498,701381055011
414,701381055033,701381055546
415,701381055568,701381056081
416,701381056103,701381056616
417,701381056638,701381057151
418,701381057173,701381057686
419,701381057708,701381058221
420,701381058243,701381058756
421,701381058778,701381059291
422,701381059313,701381059826
423,701381059848,701381060361
424,701381060383,701381060896
425,701381060918,701381061431
426,701381061453,701381061966
427,701381061988,701381062501
428,701381062523,701381063036
429,701381063058,701381063571
430,701381063593,701381064106
431,701381064128,701381064641
432,701381064663,701381065176
433,701381065198,701381065711
434,701381065733,701381066246
435,701381066268,701381066781
436,701381066803,701381067316
437,701381067338,701381067851
438,701381067873,701381068386
439,701381068408,701381068921
440,701381068943,701381069456
441,701381069478,701381069991
442,701381070013,701381070526
443,701381070548,701381071061
444,701381071083,701381071596
445,701381071618,701381072131
446,701381072153,701381072666
447,701381072688,701381073201
448,701381073223,701381073736
449,701381073758,701381074271
450,701381074293,701381074806
451,701381074828,701381075341
452,701381075363,701381075876
453,701381075898,701381076411
454,701381076433,701381076946
455,701381076968,701381077481
456,701381077503,701381078016
457,701381078038,701381078551
458,701381078573,701381079086
459,701381079108,701381079621
460,701381079643,701381080156
461,701381080178,701381080691
462,701381080713,701381081226
463,701381081248,701381081761
464,701381081783,701381082296
465,701381082318,701381082831
466,701381082853,701381083366
467,701381083388,701381083901
468,701381083923,701381084436
469,701381084458,701381084971
470,701381084993,701381085506
471,701381085528,701381086041
472,701381086063,701381086576
473,701381086598,701381087111
474,701381087133,701381087646
475,701381087668,701381088181
476,701381088203,701381088716
477,701381088738,701381089251
478,701381089273,701381089786
479,701381089808,701381090321
480,701381090343,701381090856
481,701381090878,701381091391
482,701381091413,701381091926
483,701381091948,701381092461
484,701381092483,701381092996
485,701381093018,701381093531
486,701381093553,701381094066
487,701381094088,701381094601
488,701381094623,701381095136
489,701381095158,701381095671
490,701381095693,701381096206
491,701381096228,701381096741
492,701381096763,701381097276
493,701381097298,701381097811
494,701381097833,701381098346
495,701381098368,701381098881
496,701381098903,701381099416
497,701381099438,701381099951
498,701381099973,701381100486
499,701381100508,701381101021
500,701381101043,701381101556
501,701381101578,701381102091
502,701381102113,701381102626
503,701381102648,701381103161
504,701381103183,701381103696
505,701381103718,701381104231
506,701381104253,701381104766
507,701381104788,701381105301
508,701381105323,701381105836
509,701381105858,701381106371
510,701381106393,701381106906
511,701381106928,701381107441
512,701381107463,701381107976
513,701381107998,701381108511
514,701381108533,701381109046
515,701381109068,701381109581
516,701381109603,701381110116
517,701381110138,701381110651
518,701381110673,701381111186
519,701381111208,701381111721
520,701381111743,701381112256
521,701381112278,701381112791
522,701381112813,701381113326
523,701381113348,701381113861
524,701381113883,701381114396
525,701381114418,701381114931
526,701381114953,701381115466
527,701381115488,701381116001
528,701381116023,701381116536
529,701381116558,701381117071
530,701381117093,701381117606
531,701381117628,701381118141
532,701381118163,701381118676
533,701381118698,701381119211
534,701381119233,701381119746
535,701381119768,701381120281
536,701381120303,701381120816
537,701381120838,701381121351
538,701381121373,701381121886
539,701381121908,701381122421
540,701381122443,701381122956
541,701381122978,701381123491
542,701381123513,701381124026
543,701381124048,701381124561
544,701381124583,701381125096
545,701381125118,701381125631
546,701381125653,701381126166
547,701381126188,701381126701
548,701381126723,701381127236
549,701381127258,701381127771
550,701381127793,701381128306
551,701381128328,701381128841
552,701381128863,701381129376
553,701381129398,701381129911
554,701381129933,701381130446
555,701381130468,701381130981
556,701381131003,701381131516
557,701381131538,701381132051
558,701381132073,701381132586
559,701381132608,701381133121
560,701381133143,701381133656
561,701381133678,701381134191
562,701381134213,701381134726
563,701381134748,701381135261
564,701381135283,701381135796
565,701381135818,701381136331
566,701381136353,701381136866
567,701381136888,701381137401
568,701381137423,701381137936
569,701381137958,701381138471
570,701381138493,701381139006
571,701381139028,701381139541
572,701381139563,701381140076
573,701381140098,701381140611
574,701381140633,701381141146
575,701381141168,701381141681
576,701381141703,701381142216
577,701381142238,701381142751
578,701381142773,701381143286
579,701381143308,701381143821
580,701381143843,701381144356
581,701381144378,701381144891
582,701381144913,701381145426
583,701381145448,701381145961
584,701381145983,701381146496
585,701381146518,701381147031
586,701381147053,701381147566
587,701381147588,701381148101
588,701381148123,701381148636
589,701381148658,701381149171
590,701381149193,701381149706
591,701381149728,701381150241
592,701381150263,701381150776
593,701381150798,701381151311
594,701381151333,701381151846
595,701381151868,701381152381
596,701381152403,701381152916
597,701381152938,701381153451
598,701381153473,701381153986
599,701381154008,701381154521
600,701381154543,701381155056
601,701381155078,701381155591
602,701381155613,701381156126
603,701381156148,701381156661
604,701381156683,701381157196
605,701381157218,701381157731
606,701381157753,701381158266
607,701381158288,701381158801
608,701381158823,701381159336
609,701381159358,701381159871
610,701381159893,701381160406
611,701381160428,701381160941
612,701381160963,701381161476
613,701381161498,701381162011
614,701381162033,701381162546
615,701381162568,701381163081
616,701381163103,701381163616
617,701381163638,701381164151
618,701381164173,701381164686
619,701381164708,701381165221
620,701381165243,701381165756
621,701381165778,701381166291
622,701381166313,701381166826
623,701381166848,701381167361
624,701381167383,701381167896
625,701381167918,701381168431
626,701381168453,701381168966
627,701381168988,701381169501
628,701381169523,701381170036
629,701381170058,701381170571
630,701381170593,701381171106
631,701381171128,701381171641
632,701381171663,701381172176
633,701381172198,701381172711
634,701381172733,701381173246
635,701381173268,701381173781
636,701381173803,701381174316
637,701381174338,701381174851
638,701381174873,701381175386
639,701381175408,701381175921
640,701381175943,701381176456
641,701381176478,701381176991
642,701381177013,701381177526
643,701381177548,701381178061
644,701381178083,701381178596
645,701381178618,701381179131
646,701381179153,701381179666
647,701381179688,701381180201
648,701381180223,701381180736
649,701381180758,701381181271
650,701381181293,701381181806
651,701381181828,701381182341
652,701381182363,701381182876
653,701381182898,701381183411
654,701381183433,701381183946
655,701381183968,701381184481
656,701381184503,701381185016
657,701381185038,701381185551
658,701381185573,701381186086
659,701381186108,701381186621
660,701381186643,701381187156
661,701381187178,701381187691
662,701381187713,701381188226
663,701381188248,701381188761
664,701381188783,701381189296
665,701381189318,701381189831
666,701381189853,701381190366
667,701381190388,701381190901
668,701381190923,701381191436
669,701381191458,701381191971
670,701381191993,701381192506
671,701381192528,701381193041
672,701381193063,701381193576
673,701381193598,701381194111
674,701381194133,701381194646
675,701381194668,701381195181
676,701381195203,701381195716
677,701381195738,701381196251
678,701381196273,701381196786
679,701381196808,701381197321
680,701381197343,701381197856
681,701381197878,701381198391
682,701381198413,701381198926
683,701381198948,701381199461
684,701381199483,701381199996
685,701381200018,701381200531
686,701381200553,701381201066
687,701381201088,701381201601
688,701381201623,701381202136
689,701381202158,701381202671
690,701381202693,701381203206
691,701381203228,701381203741
692,701381203763,701381204276
693,701381204298,701381204811
694,701381204833,701381205346
695,701381205368,701381205881
696,701381205903,701381206416
697,701381206438,701381206951
698,701381206973,701381207486
699,701381207508,701381208021
700,701381208043,701381208556
701,701381208578,701381209091
702,701381209113,701381209626
703,701381209648,701381210161
704,701381210183,701381210696
705,701381210718,701381211231
706,701381211253,701381211766
707,701381211788,701381212301
708,701381212323,701381212836
709,701381212858,701381213371
710,701381213393,701381213906
711,701381213928,701381214441
712,701381214463,701381214976
713,701381214998,701381215511
714,701381215533,701381216046
715,701381216068,701381216581
716,701381216603,701381217116
717,701381217138,701381217651
718,701381217673,701381218186
719,701381218208,701381218721
720,701381218743,701381219256
721,701381219278,701381219791
722,701381219813,701381220326
723,701381220348,701381220861
724,701381220883,701381221396
725,701381221418,701381221931
726,701381221953,701381222466
727,701381222488,701381223001
728,701381223023,701381223536
729,701381223558,701381224071
730,701381224093,701381224606
731,701381224628,701381225141
732,701381225163,701381225676
733,701381225698,701381226211
734,701381226233,701381226746
735,701381226768,701381227281
736,701381227303,701381227816
737,701381227838,701381228351
738,701381228373,701381228886
739,701381228908,701381229421
740,701381229443,701381229956
741,701381229978,701381230491
742,701381230513,701381231026
743,701381231048,701381231561
744,701381231583,701381232096
745,701381232118,701381232631
746,701381232653,701381233166
747,701381233188,701381233701
748,701381233723,701381234236
749,701381234258,701381234771
750,701381234793,701381235306
751,701381235328,701381235841
752,701381235863,701381236376
753,701381236398,701381236911
754,701381236933,701381237446
755,701381237468,701381237981
756,701381238003,701381238516
757,701381238538,701381239051
758,701381239073,701381239586
759,701381239608,701381240121
760,701381240143,701381240656
761,701381240678,701381241191
762,701381241213,701381241726
763,701381241748,701381242261
764,701381242283,701381242796
765,701381242818,701381243331
766,701381243353,701381243866
767,701381243888,701381244401
768,701381244423,701381244936
769,701381244958,701381245471
770,701381245493,701381246006
771,701381246028,701381246541
772,701381246563,701381247076
773,701381247098,701381247611
774,701381247633,701381248146
775,701381248168,701381248681
776,701381248703,701381249216
777,701381249238,701381249751
778,701381249773,701381250286
779,701381250308,701381250821
780,701381250843,701381251356
781,701381251378,701381251891
782,701381251913,701381252426
783,701381252448,701381252961
784,701381252983,701381253496
785,701381253518,701381254031
786,701381254053,701381254566
787,701381254588,701381255101
788,701381255123,701381255636
789,701381255658,701381256171
790,701381256193,701381256706
791,701381256728,701381257241
792,701381257263,701381257776
793,701381257798,701381258311
794,701381258333,701381258846
795,701381258868,701381259381
796,701381259403,701381259916
797,701381259938,701381260451
798,701381260473,701381260986
799,701381261008,701381261521
800,701381261543,701381262056
801,701381262078,701381262591
802,701381262613,701381263126
803,701381263148,701381263661
804,701381263683,701381264196
805,701381264218,701381264731
806,701381264753,701381265266
807,701381265288,701381265801
808,701381265823,701381266336
809,701381266358,701381266871
810,701381266893,701381267406
811,701381267428,701381267941
812,701381267963,701381268476
813,701381268498,701381269011
814,701381269033,701381269546
815,701381269568,701381270081
816,701381270103,701381270616
817,701381270638,701381271151
818,701381271173,701381271686
819,701381271708,701381272221
820,701381272243,701381272756
821,701381272778,701381273291
822,701381273313,701381273826
823,701381273848,701381274361
824,701381274383,701381274896
825,701381274918,701381275431
826,701381275453,701381275966
827,701381275988,701381276501
828,701381276523,701381277036
829,701381277058,701381277571
830,701381277593,701381278106
831,701381278128,701381278641
832,701381278663,701381279176
833,701381279198,701381279711
834,701381279733,701381280246
835,701381280268,701381280781
836,701381280803,701381281316
837,701381281338,701381281851
838,701381281873,701381282386
839,701381282408,701381282921
840,701381282943,701381283456
841,701381283478,701381283991
842,701381284013,701381284526
843,701381284548,701381285061
844,701381285083,701381285596
845,701381285618,701381286131
846,701381286153,701381286666
847,701381286688,701381287201
848,701381287223,701381287736
849,701381287758,701381288271
850,701381288293,701381288806
851,701381288828,701381289341
852,701381289363,701381289876
853,701381289898,701381290411
854,701381290433,701381290946
855,701381290968,701381291481
856,701381291503,701381292016
857,701381292038,701381292551
858,701381292573,701381293086
859,701381293108,701381293621
860,701381293643,701381294156
861,701381294178,701381294691
862,701381294713,701381295226
863,701381295248,701381295761
864,701381295783,701381296296
865,701381296318,701381296831
866,701381296853,701381297366
867,701381297388,701381297901
868,701381297923,701381298436
869,701381298458,701381298971
870,701381298993,701381299506
871,701381299528,701381300041
872,701381300063,701381300576
873,701381300598,701381301111
874,701381301133,701381301646
875,701381301668,701381302181
876,701381302203,701381302716
877,701381302738,701381303251
878,701381303273,701381303786
879,701381303808,701381304321
880,701381304343,701381304856
881,701381304878,701381305391
882,701381305413,701381305926
883,701381305948,701381306461
884,701381306483,701381306996
885,701381307018,701381307531
886,701381307553,701381308066
887,701381308088,701381308601
888,701381308623,701381309136
889,701381309158,701381309671
890,701381309693,701381310206
891,701381310228,701381310741
892,701381310763,701381311276
893,701381311298,701381311811
894,701381311833,701381312346
895,701381312368,701381312881
896,701381312903,701381313416
897,701381313438,701381313951
898,701381313973,701381314486
899,701381314508,701381315021
900,701381315043,701381315556
901,701381315578,701381316091
902,701381316113,701381316626
903,701381316648,701381317161
904,701381317183,701381317696
905,701381317718,701381318231
906,701381318253,701381318766
907,701381318788,701381319301
908,701381319323,701381319836
909,701381319858,701381320371
910,701381320393,701381320906
911,701381320928,701381321441
912,701381321463,701381321976
913,701381321998,701381322511
914,701381322533,701381323046
915,701381323068,701381323581
916,701381323603,701381324116
917,701381324138,701381324651
918,701381324673,701381325186
919,701381325208,701381325721
920,701381325743,701381326256
921,701381326278,701381326791
922,701381326813,701381327326
923,701381327348,701381327861
924,701381327883,701381328396
925,701381328418,701381328931
926,701381328953,701381329466
927,701381329488,701381330001
928,701381330023,701381330536
929,701381330558,701381331071
930,701381331093,701381331606
931,701381331628,701381332141
932,701381332163,701381332676
933,701381332698,701381333211
934,701381333233,701381333746
935,701381333768,701381334281
936,701381334303,701381334816
937,701381334838,701381335351
938,701381335373,701381335886
939,701381335908,701381336421
940,701381336443,701381336956
941,701381336978,701381337491
942,701381337513,701381338026
943,701381338048,701381338561
944,701381338583,701381339096
945,701381339118,701381339631
946,701381339653,701381340166
947,701381340188,701381340701
948,701381340723,701381341236
949,701381341258,701381341771
950,701381341793,701381342306
951,701381342328,701381342841
952,701381342863,701381343376
953,701381343398,701381343911
954,701381343933,701381344446
955,701381344468,701381344981
956,701381345003,701381345516
957,701381345538,701381346051
958,701381346073,701381346586
959,701381346608,701381347121
960,701381347143,701381347656
961,701381347678,701381348191
962,701381348213,701381348726
963,701381348748,701381349261
964,701381349283,701381349796
965,701381349818,701381350331
966,701381350353,701381350866
967,701381350888,701381351401
968,701381351423,701381351936
969,701381351958,701381352471
970,701381352493,701381353006
971,701381353028,701381353541
972,701381353563,701381354076
973,701381354098,701381354611
974,701381354633,701381355146
975,701381355168,701381355681
976,701381355703,701381356216
977,701381356238,701381356751
978,701381356773,701381357286
979,701381357308,701381357821
980,701381357843,701381358356
981,701381358378,701381358891
982,701381358913,701381359426
983,701381359448,701381359961
984,701381359983,701381360496
985,701381360518,701381361031
986,701381361053,701381361566
987,701381361588,701381362101
988,701381362123,701381362636
989,701381362658,701381363171
990,701381363193,701381363706
991,701381363728,701381364241
992,701381364263,701381364776
993,701381364798,701381365311
994,701381365333,701381365846
995,701381365868,701381366381
996,701381366403,701381366916
997,701381366938,701381367451
998,701381367473,701381367986
999,701381368008,701381368521
